{"cameraMode":{"drawMode":0,"name":"Shaded","section":"Shading Mode"},"sceneLighting":true,"audioPlay":false,"sceneViewState":{"m_AlwaysRefresh":false,"showFog":true,"showSkybox":true,"showFlares":true,"showImageEffects":true,"showParticleSystems":true,"showVisualEffectGraphs":true,"m_FxEnabled":true},"in2DMode":false,"pivot":{"x":-0.1564505398273468,"y":0.04327207803726196,"z":0.348918080329895},"rotation":{"x":0.11050637811422348,"y":0.06910102814435959,"z":-0.007706639356911182,"w":0.9914543032646179},"size":0.37050575017929079,"orthographic":false}